{"data":[{"colorscale":[[0.0,"rgb(5,48,97)"],[0.1,"rgb(33,102,172)"],[0.2,"rgb(67,147,195)"],[0.3,"rgb(146,197,222)"],[0.4,"rgb(209,229,240)"],[0.5,"rgb(247,247,247)"],[0.6,"rgb(253,219,199)"],[0.7,"rgb(244,165,130)"],[0.8,"rgb(214,96,77)"],[0.9,"rgb(178,24,43)"],[1.0,"rgb(103,0,31)"]],"reversescale":false,"showscale":true,"x":["TARGET","OCCUPATION_TYPE","ORGANIZATION_TYPE","NAME_INCOME_TYPE","CODE_REJECT_REASON","NAME_CONTRACT_STATUS","PRODUCT_COMBINATION","CODE_GENDER","NAME_EDUCATION_TYPE","NAME_PRODUCT_TYPE","NAME_YIELD_GROUP"],"y":["TARGET","OCCUPATION_TYPE","ORGANIZATION_TYPE","NAME_INCOME_TYPE","CODE_REJECT_REASON","NAME_CONTRACT_STATUS","PRODUCT_COMBINATION","CODE_GENDER","NAME_EDUCATION_TYPE","NAME_PRODUCT_TYPE","NAME_YIELD_GROUP"],"z":[[1.0,0.07787348385574108,0.07243522636559174,0.06629351398009428,0.06274623351754981,0.058467939912836275,0.05737507185980432,0.052402135072057085,0.05082280010280877,0.04304279792493816,0.04240555945022249],[0.07787348385574108,1.0,0.30499551740375147,0.14633029129556518,0.017107680505287805,0.018171973653010206,0.026809890853466082,0.401495546956794,0.20968061407074665,0.02854440026443034,0.03695148093405098],[0.07243522636559174,0.30499551740375147,1.0,0.4225164001198681,0.03392316691413513,0.04229087334952437,0.051723175417644186,0.24705037823961282,0.12787563472137337,0.08601061942639059,0.0486156141733161],[0.06629351398009428,0.14633029129556518,0.42251640011986813,1.0,0.03011844695174778,0.03157286068696949,0.07649901439511585,0.1345079455414075,0.09793742894543121,0.08185785735960739,0.03533916037181099],[0.06274623351754981,0.017107680505287805,0.03392316691413513,0.030118446951747778,1.0,0.8164875061752921,0.18665418369708744,0.03936530151686014,0.01742880753383245,0.27786286610084554,0.1268692684254929],[0.05846793991283628,0.018171973653010206,0.04229087334952437,0.03157286068696949,0.8164875061752921,1.0,0.5545812346267875,0.015580519545945488,0.015747332467916753,0.30800275772590174,0.4295351123238964],[0.05737507185980432,0.026809890853466082,0.05172317541764418,0.07649901439511585,0.18665418369708742,0.5545812346267875,1.0,0.08510316521022396,0.03948013422463724,0.8876208591073697,0.7624848632784058],[0.052402135072057085,0.40149554695679396,0.24705037823961282,0.13450794554140746,0.03936530151686015,0.015580519545945488,0.08510316521022397,1.0,0.02377029897797993,0.045331043879833305,0.032383290987848104],[0.05082280010280877,0.20968061407074665,0.12787563472137337,0.09793742894543121,0.017428807533832455,0.015747332467916753,0.039480134224637246,0.02377029897797993,1.0,0.024947623722979154,0.02718159084385701],[0.043042797924938155,0.02854440026443034,0.08601061942639059,0.08185785735960739,0.27786286610084554,0.30800275772590174,0.8876208591073697,0.045331043879833305,0.024947623722979154,1.0,0.15472329374082816],[0.04240555945022249,0.03695148093405098,0.0486156141733161,0.035339160371811,0.1268692684254929,0.42953511232389635,0.7624848632784058,0.032383290987848104,0.02718159084385701,0.15472329374082816,1.0]],"zmax":1,"zmin":0,"type":"heatmap"}],"layout":{"annotations":[{"font":{"color":"black"},"showarrow":false,"text":"1.0","x":"TARGET","xref":"x","y":"TARGET","yref":"y"},{"font":{"color":"black"},"showarrow":false,"text":"0.08","x":"OCCUPATION_TYPE","xref":"x","y":"TARGET","yref":"y"},{"font":{"color":"black"},"showarrow":false,"text":"0.07","x":"ORGANIZATION_TYPE","xref":"x","y":"TARGET","yref":"y"},{"font":{"color":"black"},"showarrow":false,"text":"0.07","x":"NAME_INCOME_TYPE","xref":"x","y":"TARGET","yref":"y"},{"font":{"color":"black"},"showarrow":false,"text":"0.06","x":"CODE_REJECT_REASON","xref":"x","y":"TARGET","yref":"y"},{"font":{"color":"black"},"showarrow":false,"text":"0.06","x":"NAME_CONTRACT_STATUS","xref":"x","y":"TARGET","yref":"y"},{"font":{"color":"black"},"showarrow":false,"text":"0.06","x":"PRODUCT_COMBINATION","xref":"x","y":"TARGET","yref":"y"},{"font":{"color":"black"},"showarrow":false,"text":"0.05","x":"CODE_GENDER","xref":"x","y":"TARGET","yref":"y"},{"font":{"color":"black"},"showarrow":false,"text":"0.05","x":"NAME_EDUCATION_TYPE","xref":"x","y":"TARGET","yref":"y"},{"font":{"color":"black"},"showarrow":false,"text":"0.04","x":"NAME_PRODUCT_TYPE","xref":"x","y":"TARGET","yref":"y"},{"font":{"color":"black"},"showarrow":false,"text":"0.04","x":"NAME_YIELD_GROUP","xref":"x","y":"TARGET","yref":"y"},{"font":{"color":"black"},"showarrow":false,"text":"0.08","x":"TARGET","xref":"x","y":"OCCUPATION_TYPE","yref":"y"},{"font":{"color":"black"},"showarrow":false,"text":"1.0","x":"OCCUPATION_TYPE","xref":"x","y":"OCCUPATION_TYPE","yref":"y"},{"font":{"color":"black"},"showarrow":false,"text":"0.3","x":"ORGANIZATION_TYPE","xref":"x","y":"OCCUPATION_TYPE","yref":"y"},{"font":{"color":"black"},"showarrow":false,"text":"0.15","x":"NAME_INCOME_TYPE","xref":"x","y":"OCCUPATION_TYPE","yref":"y"},{"font":{"color":"black"},"showarrow":false,"text":"0.02","x":"CODE_REJECT_REASON","xref":"x","y":"OCCUPATION_TYPE","yref":"y"},{"font":{"color":"black"},"showarrow":false,"text":"0.02","x":"NAME_CONTRACT_STATUS","xref":"x","y":"OCCUPATION_TYPE","yref":"y"},{"font":{"color":"black"},"showarrow":false,"text":"0.03","x":"PRODUCT_COMBINATION","xref":"x","y":"OCCUPATION_TYPE","yref":"y"},{"font":{"color":"black"},"showarrow":false,"text":"0.4","x":"CODE_GENDER","xref":"x","y":"OCCUPATION_TYPE","yref":"y"},{"font":{"color":"black"},"showarrow":false,"text":"0.21","x":"NAME_EDUCATION_TYPE","xref":"x","y":"OCCUPATION_TYPE","yref":"y"},{"font":{"color":"black"},"showarrow":false,"text":"0.03","x":"NAME_PRODUCT_TYPE","xref":"x","y":"OCCUPATION_TYPE","yref":"y"},{"font":{"color":"black"},"showarrow":false,"text":"0.04","x":"NAME_YIELD_GROUP","xref":"x","y":"OCCUPATION_TYPE","yref":"y"},{"font":{"color":"black"},"showarrow":false,"text":"0.07","x":"TARGET","xref":"x","y":"ORGANIZATION_TYPE","yref":"y"},{"font":{"color":"black"},"showarrow":false,"text":"0.3","x":"OCCUPATION_TYPE","xref":"x","y":"ORGANIZATION_TYPE","yref":"y"},{"font":{"color":"black"},"showarrow":false,"text":"1.0","x":"ORGANIZATION_TYPE","xref":"x","y":"ORGANIZATION_TYPE","yref":"y"},{"font":{"color":"black"},"showarrow":false,"text":"0.42","x":"NAME_INCOME_TYPE","xref":"x","y":"ORGANIZATION_TYPE","yref":"y"},{"font":{"color":"black"},"showarrow":false,"text":"0.03","x":"CODE_REJECT_REASON","xref":"x","y":"ORGANIZATION_TYPE","yref":"y"},{"font":{"color":"black"},"showarrow":false,"text":"0.04","x":"NAME_CONTRACT_STATUS","xref":"x","y":"ORGANIZATION_TYPE","yref":"y"},{"font":{"color":"black"},"showarrow":false,"text":"0.05","x":"PRODUCT_COMBINATION","xref":"x","y":"ORGANIZATION_TYPE","yref":"y"},{"font":{"color":"black"},"showarrow":false,"text":"0.25","x":"CODE_GENDER","xref":"x","y":"ORGANIZATION_TYPE","yref":"y"},{"font":{"color":"black"},"showarrow":false,"text":"0.13","x":"NAME_EDUCATION_TYPE","xref":"x","y":"ORGANIZATION_TYPE","yref":"y"},{"font":{"color":"black"},"showarrow":false,"text":"0.09","x":"NAME_PRODUCT_TYPE","xref":"x","y":"ORGANIZATION_TYPE","yref":"y"},{"font":{"color":"black"},"showarrow":false,"text":"0.05","x":"NAME_YIELD_GROUP","xref":"x","y":"ORGANIZATION_TYPE","yref":"y"},{"font":{"color":"black"},"showarrow":false,"text":"0.07","x":"TARGET","xref":"x","y":"NAME_INCOME_TYPE","yref":"y"},{"font":{"color":"black"},"showarrow":false,"text":"0.15","x":"OCCUPATION_TYPE","xref":"x","y":"NAME_INCOME_TYPE","yref":"y"},{"font":{"color":"black"},"showarrow":false,"text":"0.42","x":"ORGANIZATION_TYPE","xref":"x","y":"NAME_INCOME_TYPE","yref":"y"},{"font":{"color":"black"},"showarrow":false,"text":"1.0","x":"NAME_INCOME_TYPE","xref":"x","y":"NAME_INCOME_TYPE","yref":"y"},{"font":{"color":"black"},"showarrow":false,"text":"0.03","x":"CODE_REJECT_REASON","xref":"x","y":"NAME_INCOME_TYPE","yref":"y"},{"font":{"color":"black"},"showarrow":false,"text":"0.03","x":"NAME_CONTRACT_STATUS","xref":"x","y":"NAME_INCOME_TYPE","yref":"y"},{"font":{"color":"black"},"showarrow":false,"text":"0.08","x":"PRODUCT_COMBINATION",